epoch,time,train/box_loss,train/cls_loss,train/dfl_loss,metrics/precision(B),metrics/recall(B),metrics/mAP50(B),metrics/mAP50-95(B),val/box_loss,val/cls_loss,val/dfl_loss,lr/pg0,lr/pg1,lr/pg2
1,185.596,3.21862,3.91643,4.1421,0.00373,0.80822,0.25587,0.08704,2.77418,4.22074,4.02433,0.000464715,0.000464715,0.000464715
2,371.256,2.96224,3.56176,3.8425,0.00371,0.81507,0.05896,0.01929,2.61542,3.98086,3.8574,0.00047523,0.00047523,0.00047523
